{
	"class_name" : "PinholeCameraParameters",
	"extrinsic" : 
	[
		0.94722579762979087,
		0.042438650855007684,
		0.31774557308987539,
		0.0,
		0.14587937139527837,
		-0.93968498326829819,
		-0.30937249590320193,
		0.0,
		0.28545139219475707,
		0.33939813366261312,
		-0.89628478150664259,
		0.0,
		-0.060216980909541917,
		-0.23749967315531306,
		1.2894196686819572,
		1.0
	],
	"intrinsic" : 
	{
		"height" : 876,
		"intrinsic_matrix" : 
		[
			758.63825371516828,
			0.0,
			0.0,
			0.0,
			758.63825371516828,
			0.0,
			771.0,
			437.5,
			1.0
		],
		"width" : 1543
	},
	"version_major" : 1,
	"version_minor" : 0
}